{"leaf_retriever_config": {"common_dir": "${model_path}", "dynamic_retrieval_config": "./m/rtv_dn_R19B2.json", "sim_func_config": "./m/R_lite/face_sim_func_mul_combine_l2.5.json"}, "feature_extract_config": {"config_path": "m/R_lite/face_image_index_builder_param.json", "release_memory_every_n": 1, "model_config_path": "m/R_lite/face_image_index_builder_model.json", "is_calculate_ann_index": false, "common_dir": "${model_path}", "default_feature_version": 62}, "const_retriever_config": {"sim_func_config": "./m/R_lite/face_sim_func_mul_combine_l2.5.json", "dynamic_retrieval_config": "./m/rtv_dn_R19B2.json", "verifier_config": "./m/vrf_R19B2_l2.5.json", "bg_retrieval_config": "./m/R_lite/rtv_mul_full.json", "common_dir": "${model_path}"}, "sdk_type": "${verification}", "using_double_feature": true, "support_feature_version": [62], "verification_threshold": 66.0}